Provincias,CAutonoma
Illes Balears,Islas Baleares
Las Palmas,Islas Canarias
Santa Cruz de Tenerife,Islas Canarias
Melilla,Melilla
Ceuta,Ceuta
A Coruña,Galicia
Lugo,Galicia
Ourense,Galicia
Pontevedra,Galicia
Asturias,Asturias
Cantabria,Cantabria
Álava,Pais Vasco
Guipúzcoa,Pais Vasco
Vizcaya,Pais Vasco
Navarra,Navarra
La Rioja,La Rioja
Huesca,Aragón
Teruel,Aragón
Zaragoza,Aragón
Barcelona,Cataluña
Girona,Cataluña
Lleida,Cataluña
Tarragona,Cataluña
Ávila,Castilla y León
Burgos,Castilla y León
León,Castilla y León
Palencia,Castilla y León
Salamanca,Castilla y León
Segovia,Castilla y León
Soria,Castilla y León
Valladolid,Castilla y León
Zamora,Castilla y León
Madrid,Madrid
Badajoz,Extremadura
Caceres,Extremadura
Toledo,Castilla la Mancha
Ciudad Real,Castilla la Mancha
Cuenca,Castilla la Mancha
Guadalajara,Castilla la Mancha
Albacete,Castilla la Mancha
Alicante,Comunidad Valenciana
Castellón,Comunidad Valenciana
Valencia,Comunidad Valenciana
Murcia,Murcia
Almería,Andalucía
Cádiz,Andalucía
Córdoba,Andalucía
Granada,Andalucía
Huelva,Andalucía
Jaén ,Andalucía
Málaga,Andalucía
Sevilla,Andalucía